fea,fea-min,min,fea-max,max,dif,nor_dif
w-O3,151.0550537109375,-397.9004816373987,79.76956176757812,159.84448648307745,557.7449681204762,9.402050826380963
w-PAR,180.0,-1129.7258495022313,438.0,1021.8123934559358,2151.538242958167,36.26903526062027
w-SWC,0.3833001255989075,-163.68605345131607,0.5232682824134827,75.83042285670643,239.5164763080225,4.037591036620999
w-TA,3.447717189788818,-1085.0116191517702,18.84575843811035,841.6189509169576,1926.630570068728,32.47770859231261
w-TP,128.4604644775391,-86.34577716324031,1317.662109375,95.42036127268938,181.7661384359297,3.0640786914646996
w-VPD,1.4414318372696129,-499.0797816181416,0.3574797324320442,375.8866922711845,874.9664738893262,14.749535592600468
